password,is_superuser,username,first_name,last_name,email,is_staff
khfidsj1i8,,Kit,,,oskar_gus@mail.ru,,
8jvujrniioo,,Kostya,,,quik_silver@mail.ru,,
aaaqwerty,,Nastya,,,svchen99@mail.ru,,
bbb1qwrqwr,,Olga,,,oly_clean@gmail.com,1,
8jhhhvujdmka9d,,Nill,,,mill_123@mail.ru,,
09kvofkkfkf,,Will,,,smith_will@mail.ru,,
9kfjsjfhsuohfuoah,,Karmen,,,karrr_other@mail.ru,,
23456789,,Valya,,,valentinochka@mail.ru,,
ooiudjkaskdjkasjdk,,Yurka,,,aronov921@mail.ru,,
8fh78sfd7h0s7,,Nina,,,nina_stepanovna@mail.ru,1,
lkasdofo1o,,Misha,,,potapych_misha@gmail.com,,
8ds9fa0dfioi2,,Bobrov,,,boby_rood@gmail.com,,
010odkdk10,,Gomer,,,simpson_gomer92@mail.ru,,
lspdabakmcoocanc,,Fernando,,,llorente_tot@mail.ru,,
9kasdkkdkk10001,,Hugo,,,lloris_goalkeper@gmail.com,,
998893j1289391823,,Harry,,,kane_harry@yahoo.com,,
mvjsdivjisdjv,,Alli,,,boxer666@gmail.com,,
9iikikdijjug,,Roberto,,,fir_rob_liv@mail.ru,,
0lmoksaofkoaskd,,Leo,,,lesha_love_barca@gmail.com,,
pprpperpwepr,,Marihuana,,,masha2019@mail.ru,1,
uururururur,,Egor,,,kruchenyi@mail.ru,,
881993491204,,Oksana,,,oximmiron@mail.ru,,
laskfoasfoka,,Viktor,,,vika_bacham@mail.ru,,
asoifoasdlajf,,Dasha,,,kisla9@mail.ru,,
99fs8af89ds9af,,Lesha,,,gyrinovich_lexa@mail.ru,,
091920310249249,,Bred,,,polnyi_bred@mail.ru,,
asfpasodkamvh83,,Lolla,,,im9_lola_lol@mail.ru,,
889d9asmdakjf,,Jose,,,bus_autobus@mail.ru,1,
91ijjivasil,,Ira,,,iro4ka@mail.ru,1,
ksjadijaisdj,,Polina,,,polina_malvina@mail.ru,,
0901301293,,Natasha,,,salad_bella_rosa@gmail.com,,